{"cameraMode":{"drawMode":0,"name":"Shaded","section":"Shading Mode"},"sceneLighting":true,"audioPlay":false,"sceneViewState":{"m_AlwaysRefresh":false,"showFog":true,"showSkybox":true,"showFlares":true,"showImageEffects":true,"showParticleSystems":true,"showVisualEffectGraphs":true,"m_FxEnabled":true},"in2DMode":false,"pivot":{"x":-3.3334038257598879,"y":-15.4395751953125,"z":-15.447004318237305},"rotation":{"x":0.025231599807739259,"y":-0.923315167427063,"z":0.37824979424476626,"w":0.06159045547246933},"size":14.740943908691407,"orthographic":false}