{"cameraMode":{"drawMode":0,"name":"Shaded","section":"Shading Mode"},"sceneLighting":false,"audioPlay":false,"sceneViewState":{"m_AlwaysRefresh":false,"showFog":true,"showSkybox":true,"showFlares":true,"showImageEffects":true,"showParticleSystems":true,"showVisualEffectGraphs":true,"m_FxEnabled":true},"in2DMode":false,"pivot":{"x":-161.76626586914063,"y":12.545671463012696,"z":-19.910194396972658},"rotation":{"x":0.03233280032873154,"y":-0.9648416042327881,"z":0.14440789818763734,"w":0.2178020030260086},"size":26.015151977539064,"orthographic":false}