{"cameraMode":{"drawMode":0,"name":"Shaded","section":"Shading Mode"},"sceneLighting":true,"audioPlay":false,"sceneViewState":{"m_AlwaysRefresh":false,"showFog":true,"showSkybox":true,"showFlares":true,"showImageEffects":true,"showParticleSystems":true,"showVisualEffectGraphs":true,"m_FxEnabled":true},"in2DMode":false,"pivot":{"x":33.68449401855469,"y":-0.31650733947753909,"z":3.845759391784668},"rotation":{"x":0.08600021153688431,"y":0.7093194723129273,"z":-0.08794888854026795,"w":0.6941969990730286},"size":3.425023078918457,"orthographic":false}