{"cameraMode":{"drawMode":0,"name":"Shaded","section":"Shading Mode"},"sceneLighting":true,"audioPlay":false,"sceneViewState":{"m_AlwaysRefresh":false,"showFog":true,"showSkybox":true,"showFlares":true,"showImageEffects":true,"showParticleSystems":true,"showVisualEffectGraphs":true,"m_FxEnabled":true},"in2DMode":false,"pivot":{"x":29.781352996826173,"y":-1.2448577880859376,"z":-9.237436294555664},"rotation":{"x":0.03476147726178169,"y":0.9336158633232117,"z":-0.0944545641541481,"w":0.34410372376441958},"size":17.254684448242189,"orthographic":false}