{"cameraMode":{"drawMode":0,"name":"Shaded","section":"Shading Mode"},"sceneLighting":false,"audioPlay":false,"sceneViewState":{"m_AlwaysRefresh":false,"showFog":true,"showSkybox":true,"showFlares":true,"showImageEffects":true,"showParticleSystems":true,"showVisualEffectGraphs":true,"m_FxEnabled":true},"in2DMode":false,"pivot":{"x":-150.41465759277345,"y":33.948368072509769,"z":22.900619506835939},"rotation":{"x":0.054435182362794879,"y":-0.9420340657234192,"z":0.18842880427837373,"w":0.2723148763179779},"size":0.8660253882408142,"orthographic":false}